[
  {
    "Name": "Al Sabo Preserve",
    "Ratings": {
      "5": 13,
      "4": 0,
      "3": 0,
      "2": 0,
      "1": 0
    },
    "Categories": [
      "Bodies of Water",
      "Biking Trails",
      "Nature & Wildlife Areas",
      "Parks",
      "Hiking Trails"
    ],
    "Url": "/Attraction_Review-g42354-d10293445-Reviews-Al_Sabo_Preserve-Kalamazoo_Kalamazoo_County_Michigan.html",
    "ImageUrl": "https://media-cdn.tripadvisor.com/media/photo-s/0b/9b/e5/a0/trails-are-easy-to-follow.jpg",
    "Latitude": 42.211903,
    "Longitude": -85.67331
  },
  {
    "Name": "Air Zoo",
    "Ratings": {
      "5": 320,
      "4": 96,
      "3": 17,
      "2": 4,
      "1": 0
    },
    "Categories": [
      "Specialty Museums"
    ],
    "Url": "/Attraction_Review-g42609-d535869-Reviews-Air_Zoo-Portage_Kalamazoo_County_Michigan.html",
    "ImageUrl": "https://media-cdn.tripadvisor.com/media/photo-s/0e/65/21/f8/live-out-a-dream-with.jpg",
    "Latitude": 42.2275,
    "Longitude": -85.55783
  },
  {
    "Name": "Milham Park",
    "Ratings": {
      "5": 20,
      "4": 14,
      "3": 2,
      "2": 2,
      "1": 0
    },
    "Categories": [
      "Parks",
      "Playgrounds"
    ],
    "Url": "/Attraction_Review-g42354-d8467183-Reviews-Milham_Park-Kalamazoo_Kalamazoo_County_Michigan.html",
    "ImageUrl": "https://media-cdn.tripadvisor.com/media/photo-s/08/87/d8/1e/nice-park-for-kids-and.jpg",
    "Latitude": 42.245205,
    "Longitude": -85.57251
  },
  {
    "Name": "Bishop’s Bog Preserve Trail",
    "Ratings": {
      "5": 3,
      "4": 1,
      "3": 1,
      "2": 0,
      "1": 0
    },
    "Categories": [
      "Hiking Trails"
    ],
    "Url": "/Attraction_Review-g42609-d10439621-Reviews-Bishop_s_Bog_Preserve_Trail-Portage_Kalamazoo_County_Michigan.html",
    "ImageUrl": "",
    "Latitude": 42.17277,
    "Longitude": -85.58945
  },
  {
    "Name": "Scott's Mill County Park",
    "Ratings": {
      "5": 0,
      "4": 0,
      "3": 2,
      "2": 0,
      "1": 0
    },
    "Categories": [
      "Parks"
    ],
    "Url": "/Attraction_Review-g42687-d6780916-Reviews-Scott_s_Mill_County_Park-Scotts_Kalamazoo_County_Michigan.html",
    "ImageUrl": "https://media-cdn.tripadvisor.com/media/photo-s/08/22/b2/c9/scott-mill-park.jpg",
    "Latitude": 42.1951,
    "Longitude": -85.4227
  },
  {
    "Name": "Gene the Pumpkin Man",
    "Ratings": {
      "5": 42,
      "4": 12,
      "3": 2,
      "2": 0,
      "1": 0
    },
    "Categories": [
      "Other Ranches & Farms"
    ],
    "Url": "/Attraction_Review-g42354-d7206648-Reviews-Gene_the_Pumpkin_Man-Kalamazoo_Kalamazoo_County_Michigan.html",
    "ImageUrl": "https://media-cdn.tripadvisor.com/media/photo-w/07/44/12/c9/tree-and-pumpkins.jpg",
    "Latitude": 42.29535,
    "Longitude": -85.772255
  },
  {
    "Name": "The Henderson Castle",
    "Ratings": {
      "5": 27,
      "4": 20,
      "3": 11,
      "2": 6,
      "1": 7
    },
    "Categories": [
      "Castles",
      "Historic Sites"
    ],
    "Url": "/Attraction_Review-g42354-d6562444-Reviews-The_Henderson_Castle-Kalamazoo_Kalamazoo_County_Michigan.html",
    "ImageUrl": "https://media-cdn.tripadvisor.com/media/photo-s/09/bd/61/82/the-henderson-castle.jpg",
    "Latitude": 42.29292,
    "Longitude": -85.605
  },
  {
    "Name": "Verhage Fruit Farm & Cider Mill",
    "Ratings": {
      "5": 13,
      "4": 2,
      "3": 2,
      "2": 0,
      "1": 0
    },
    "Categories": [
      "Farms"
    ],
    "Url": "/Attraction_Review-g42354-d7179253-Reviews-Verhage_Fruit_Farm_Cider_Mill-Kalamazoo_Kalamazoo_County_Michigan.html",
    "ImageUrl": "https://media-cdn.tripadvisor.com/media/photo-s/09/36/8e/d1/photo1jpg.jpg",
    "Latitude": 42.266663,
    "Longitude": -85.71967
  },
  {
    "Name": "University Arena",
    "Ratings": {
      "5": 1,
      "4": 0,
      "3": 0,
      "2": 0,
      "1": 0
    },
    "Categories": [
      "Arenas & Stadiums"
    ],
    "Url": "/Attraction_Review-g42354-d12219745-Reviews-University_Arena-Kalamazoo_Kalamazoo_County_Michigan.html",
    "ImageUrl": "",
    "Latitude": 42.285145,
    "Longitude": -85.61224
  },
  {
    "Name": "The Henderson Castle",
    "Ratings": {
      "5": 27,
      "4": 20,
      "3": 11,
      "2": 6,
      "1": 7
    },
    "Categories": [
      "Castles",
      "Historic Sites"
    ],
    "Url": "/Attraction_Review-g42354-d6562444-Reviews-The_Henderson_Castle-Kalamazoo_Kalamazoo_County_Michigan.html",
    "ImageUrl": "https://media-cdn.tripadvisor.com/media/photo-s/09/bd/61/82/the-henderson-castle.jpg",
    "Latitude": 42.29292,
    "Longitude": -85.605
  },
  {
    "Name": "Kalamazoo Valley Museum",
    "Ratings": {
      "5": 149,
      "4": 66,
      "3": 4,
      "2": 2,
      "1": 0
    },
    "Categories": [
      "Observatories & Planetariums",
      "Specialty Museums"
    ],
    "Url": "/Attraction_Review-g42354-d256938-Reviews-Kalamazoo_Valley_Museum-Kalamazoo_Kalamazoo_County_Michigan.html",
    "ImageUrl": "https://media-cdn.tripadvisor.com/media/photo-s/06/23/ed/f5/kalamazoo-valley-museum.jpg",
    "Latitude": 42.293365,
    "Longitude": -85.583755
  },
  {
    "Name": "Kalamazoo Nature Center",
    "Ratings": {
      "5": 86,
      "4": 33,
      "3": 7,
      "2": 1,
      "1": 3
    },
    "Categories": [
      "Nature & Wildlife Areas"
    ],
    "Url": "/Attraction_Review-g42354-d251811-Reviews-Kalamazoo_Nature_Center-Kalamazoo_Kalamazoo_County_Michigan.html",
    "ImageUrl": "https://media-cdn.tripadvisor.com/media/photo-s/01/55/34/65/indoor-rainforest.jpg",
    "Latitude": 42.363533,
    "Longitude": -85.59021
  },
  {
    "Name": "Kalamazoo Institute of Arts",
    "Ratings": {
      "5": 86,
      "4": 45,
      "3": 5,
      "2": 1,
      "1": 0
    },
    "Categories": [
      "Art Museums"
    ],
    "Url": "/Attraction_Review-g42354-d256940-Reviews-Kalamazoo_Institute_of_Arts-Kalamazoo_Kalamazoo_County_Michigan.html",
    "ImageUrl": "https://media-cdn.tripadvisor.com/media/photo-s/0c/91/eb/b1/the-main-entrance-of.jpg",
    "Latitude": 42.289574,
    "Longitude": -85.5876
  },
  {
    "Name": "Markin Glen County Park",
    "Ratings": {
      "5": 12,
      "4": 16,
      "3": 4,
      "2": 0,
      "1": 0
    },
    "Categories": [
      "Parks"
    ],
    "Url": "/Attraction_Review-g42354-d3353891-Reviews-Markin_Glen_County_Park-Kalamazoo_Kalamazoo_County_Michigan.html",
    "ImageUrl": "https://media-cdn.tripadvisor.com/media/photo-s/08/55/27/7e/markin-glen-county-park.jpg",
    "Latitude": 42.33795,
    "Longitude": -85.58996
  },
  {
    "Name": "Kalamazoo River Valley Trail",
    "Ratings": {
      "5": 14,
      "4": 2,
      "3": 1,
      "2": 0,
      "1": 0
    },
    "Categories": [
      "Biking Trails",
      "Jogging Paths & Tracks"
    ],
    "Url": "/Attraction_Review-g42354-d9581555-Reviews-Kalamazoo_River_Valley_Trail-Kalamazoo_Kalamazoo_County_Michigan.html",
    "ImageUrl": "https://media-cdn.tripadvisor.com/media/photo-s/0b/18/9d/0c/well-i-was-not-sure-where.jpg",
    "Latitude": 42.294,
    "Longitude": -85.59859
  },
  {
    "Name": "Wings Event Center",
    "Ratings": {
      "5": 8,
      "4": 4,
      "3": 1,
      "2": 0,
      "1": 0
    },
    "Categories": [
      "Arenas & Stadiums"
    ],
    "Url": "/Attraction_Review-g42609-d8857769-Reviews-Wings_Event_Center-Portage_Kalamazoo_County_Michigan.html",
    "ImageUrl": "",
    "Latitude": 42.253735,
    "Longitude": -85.53539
  },
  {
    "Name": "University Arena",
    "Ratings": {
      "5": 1,
      "4": 0,
      "3": 0,
      "2": 0,
      "1": 0
    },
    "Categories": [
      "Arenas & Stadiums"
    ],
    "Url": "/Attraction_Review-g42354-d12219745-Reviews-University_Arena-Kalamazoo_Kalamazoo_County_Michigan.html",
    "ImageUrl": "",
    "Latitude": 42.285145,
    "Longitude": -85.61224
  },
  {
    "Name": "Fort Custer Recreation Area",
    "Ratings": {
      "5": 36,
      "4": 20,
      "3": 7,
      "2": 0,
      "1": 0
    },
    "Categories": [
      "State Parks"
    ],
    "Url": "/Attraction_Review-g29572-d1547614-Reviews-Fort_Custer_Recreation_Area-Augusta_Kalamazoo_County_Michigan.html",
    "ImageUrl": "https://media-cdn.tripadvisor.com/media/photo-s/01/85/c5/22/fort-custer-campground.jpg",
    "Latitude": 42.326767,
    "Longitude": -85.34949
  },
  {
    "Name": "Gull Meadow Farms",
    "Ratings": {
      "5": 27,
      "4": 8,
      "3": 2,
      "2": 0,
      "1": 1
    },
    "Categories": [
      "Farms"
    ],
    "Url": "/Attraction_Review-g42633-d2345247-Reviews-Gull_Meadow_Farms-Richland_Kalamazoo_County_Michigan.html",
    "ImageUrl": "https://media-cdn.tripadvisor.com/media/photo-o/02/6d/23/78/gull-meadow-farms.jpg",
    "Latitude": 42.36847,
    "Longitude": -85.46413
  },
  {
    "Name": "Fort Custer Recreation Area",
    "Ratings": {
      "5": 36,
      "4": 20,
      "3": 7,
      "2": 0,
      "1": 0
    },
    "Categories": [
      "State Parks"
    ],
    "Url": "/Attraction_Review-g29572-d1547614-Reviews-Fort_Custer_Recreation_Area-Augusta_Kalamazoo_County_Michigan.html",
    "ImageUrl": "https://media-cdn.tripadvisor.com/media/photo-s/01/85/c5/22/fort-custer-campground.jpg",
    "Latitude": 42.326767,
    "Longitude": -85.34949
  },
  {
    "Name": "W.K. Kellogg Bird Sanctuary",
    "Ratings": {
      "5": 9,
      "4": 5,
      "3": 2,
      "2": 0,
      "1": 0
    },
    "Categories": [
      "Nature & Wildlife Areas"
    ],
    "Url": "/Attraction_Review-g29572-d4313658-Reviews-W_K_Kellogg_Bird_Sanctuary-Augusta_Kalamazoo_County_Michigan.html",
    "ImageUrl": "https://media-cdn.tripadvisor.com/media/photo-s/0e/73/b0/7d/fall-is-a-wonderful-time.jpg",
    "Latitude": 42.391106,
    "Longitude": -85.38337
  }
]
